Timestamp Logare,Nume Fisier,Clasa (Label),Tip Sursa (Originalitate),Durata (sec),Sample Rate (Hz),Status
2026-01-18 16:31:34,1.wav,chitara,Contributie Proprie (Microfon + GarageBand),15.96,44100,Valid
2026-01-18 16:31:34,10.wav,chitara,Contributie Proprie (Microfon + GarageBand),9.34,44100,Valid
2026-01-18 16:31:34,11.wav,chitara,Contributie Proprie (Microfon + GarageBand),15.96,44100,Valid
2026-01-18 16:31:34,12.wav,chitara,Contributie Proprie (Microfon + GarageBand),15.96,44100,Valid
2026-01-18 16:31:34,13.wav,chitara,Contributie Proprie (Microfon + GarageBand),15.96,44100,Valid
2026-01-18 16:31:34,14.wav,chitara,Contributie Proprie (Microfon + GarageBand),15.96,44100,Valid
2026-01-18 16:31:34,15.wav,chitara,Contributie Proprie (Microfon + GarageBand),8.00,44100,Valid
2026-01-18 16:31:34,16.wav,chitara,Contributie Proprie (Microfon + GarageBand),15.96,44100,Valid
2026-01-18 16:31:34,17.wav,chitara,Contributie Proprie (Microfon + GarageBand),15.96,44100,Valid
2026-01-18 16:31:34,18.wav,chitara,Contributie Proprie (Microfon + GarageBand),15.96,44100,Valid
2026-01-18 16:31:34,19.wav,chitara,Contributie Proprie (Microfon + GarageBand),15.96,44100,Valid
2026-01-18 16:31:34,2.wav,chitara,Contributie Proprie (Microfon + GarageBand),15.96,44100,Valid
2026-01-18 16:31:34,20.wav,chitara,Contributie Proprie (Microfon + GarageBand),9.34,44100,Valid
2026-01-18 16:31:34,21.wav,chitara,Contributie Proprie (Microfon + GarageBand),15.96,44100,Valid
2026-01-18 16:31:34,22.wav,chitara,Contributie Proprie (Microfon + GarageBand),15.96,44100,Valid
2026-01-18 16:31:34,23.wav,chitara,Contributie Proprie (Microfon + GarageBand),15.96,44100,Valid
2026-01-18 16:31:34,24.wav,chitara,Contributie Proprie (Microfon + GarageBand),15.96,44100,Valid
2026-01-18 16:31:34,25.wav,chitara,Contributie Proprie (Microfon + GarageBand),8.00,44100,Valid
2026-01-18 16:31:34,26.wav,chitara,Contributie Proprie (Microfon + GarageBand),15.96,44100,Valid
2026-01-18 16:31:34,27.wav,chitara,Contributie Proprie (Microfon + GarageBand),15.96,44100,Valid
2026-01-18 16:31:34,28.wav,chitara,Contributie Proprie (Microfon + GarageBand),16.34,44100,Valid
2026-01-18 16:31:34,29.wav,chitara,Contributie Proprie (Microfon + GarageBand),15.96,44100,Valid
2026-01-18 16:31:34,3.wav,chitara,Contributie Proprie (Microfon + GarageBand),15.96,44100,Valid
2026-01-18 16:31:34,30.wav,chitara,Contributie Proprie (Microfon + GarageBand),9.34,44100,Valid
2026-01-18 16:31:34,31.wav,chitara,Contributie Proprie (Microfon + GarageBand),15.96,44100,Valid
2026-01-18 16:31:34,32.wav,chitara,Contributie Proprie (Microfon + GarageBand),15.96,44100,Valid
2026-01-18 16:31:34,33.wav,chitara,Contributie Proprie (Microfon + GarageBand),15.96,44100,Valid
2026-01-18 16:31:34,34.wav,chitara,Contributie Proprie (Microfon + GarageBand),15.96,44100,Valid
2026-01-18 16:31:34,35.wav,chitara,Contributie Proprie (Microfon + GarageBand),9.34,44100,Valid
2026-01-18 16:31:34,36.wav,chitara,Contributie Proprie (Microfon + GarageBand),15.96,44100,Valid
2026-01-18 16:31:34,37.wav,chitara,Contributie Proprie (Microfon + GarageBand),15.96,44100,Valid
2026-01-18 16:31:34,38.wav,chitara,Contributie Proprie (Microfon + GarageBand),15.96,44100,Valid
2026-01-18 16:31:34,39.wav,chitara,Contributie Proprie (Microfon + GarageBand),15.96,44100,Valid
2026-01-18 16:31:34,4.wav,chitara,Contributie Proprie (Microfon + GarageBand),15.96,44100,Valid
2026-01-18 16:31:34,40.wav,chitara,Contributie Proprie (Microfon + GarageBand),9.34,44100,Valid
2026-01-18 16:31:34,5.wav,chitara,Contributie Proprie (Microfon + GarageBand),9.34,44100,Valid
2026-01-18 16:31:34,6.wav,chitara,Contributie Proprie (Microfon + GarageBand),15.96,44100,Valid
2026-01-18 16:31:34,7.wav,chitara,Contributie Proprie (Microfon + GarageBand),15.96,44100,Valid
2026-01-18 16:31:34,8.wav,chitara,Contributie Proprie (Microfon + GarageBand),15.96,44100,Valid
2026-01-18 16:31:34,9.wav,chitara,Contributie Proprie (Microfon + GarageBand),15.96,44100,Valid
2026-01-18 16:31:34,rec_48.wav,chitara,Contributie Proprie (Microfon + GarageBand),4.63,48000,Valid
2026-01-18 16:31:34,rec_49.wav,chitara,Contributie Proprie (Microfon + GarageBand),4.29,48000,Valid
2026-01-18 16:31:34,rec_50.wav,chitara,Contributie Proprie (Microfon + GarageBand),4.29,48000,Valid
2026-01-18 16:31:34,rec_51.wav,chitara,Contributie Proprie (Microfon + GarageBand),4.88,48000,Valid
2026-01-18 16:31:34,rec_52.wav,chitara,Contributie Proprie (Microfon + GarageBand),4.63,48000,Valid
2026-01-18 16:31:34,rec_53.wav,chitara,Contributie Proprie (Microfon + GarageBand),4.29,48000,Valid
2026-01-18 16:31:34,rec_54.wav,chitara,Contributie Proprie (Microfon + GarageBand),3.95,48000,Valid
2026-01-18 16:31:34,rec_55.wav,chitara,Contributie Proprie (Microfon + GarageBand),4.12,48000,Valid
2026-01-18 16:31:34,rec_56.wav,chitara,Contributie Proprie (Microfon + GarageBand),4.46,48000,Valid
2026-01-18 16:31:34,rec_57.wav,chitara,Contributie Proprie (Microfon + GarageBand),4.37,48000,Valid
2026-01-18 16:31:34,rec_58.wav,chitara,Contributie Proprie (Microfon + GarageBand),4.63,48000,Valid
2026-01-18 16:31:34,rec_59.wav,chitara,Contributie Proprie (Microfon + GarageBand),3.86,48000,Valid
2026-01-18 16:31:34,rec_60.wav,chitara,Contributie Proprie (Microfon + GarageBand),4.37,48000,Valid
2026-01-18 16:31:34,rec_61.wav,chitara,Contributie Proprie (Microfon + GarageBand),4.97,48000,Valid
2026-01-18 16:31:34,rec_62.wav,chitara,Contributie Proprie (Microfon + GarageBand),3.77,48000,Valid
2026-01-18 16:31:34,rec_63.wav,chitara,Contributie Proprie (Microfon + GarageBand),4.03,48000,Valid
2026-01-18 16:31:34,rec_64.wav,chitara,Contributie Proprie (Microfon + GarageBand),6.68,48000,Valid
2026-01-18 16:31:34,rec_65.wav,chitara,Contributie Proprie (Microfon + GarageBand),4.29,48000,Valid
2026-01-18 16:31:34,rec_66.wav,chitara,Contributie Proprie (Microfon + GarageBand),3.95,48000,Valid
2026-01-18 16:31:34,rec_67.wav,chitara,Contributie Proprie (Microfon + GarageBand),4.37,48000,Valid
2026-01-18 16:31:34,rec_68.wav,chitara,Contributie Proprie (Microfon + GarageBand),4.54,48000,Valid
2026-01-18 16:31:34,rec_69.wav,chitara,Contributie Proprie (Microfon + GarageBand),4.20,48000,Valid
2026-01-18 16:31:34,rec_70.wav,chitara,Contributie Proprie (Microfon + GarageBand),5.14,48000,Valid
2026-01-18 16:31:34,rec_71.wav,chitara,Contributie Proprie (Microfon + GarageBand),4.03,48000,Valid
2026-01-18 16:31:34,rec_72.wav,chitara,Contributie Proprie (Microfon + GarageBand),4.12,48000,Valid
2026-01-18 16:31:34,rec_73.wav,chitara,Contributie Proprie (Microfon + GarageBand),4.46,48000,Valid
2026-01-18 16:31:34,rec_74.wav,chitara,Contributie Proprie (Microfon + GarageBand),4.12,48000,Valid
2026-01-18 16:31:34,rec_75.wav,chitara,Contributie Proprie (Microfon + GarageBand),4.03,48000,Valid
2026-01-18 16:31:34,rec_76.wav,chitara,Contributie Proprie (Microfon + GarageBand),4.29,48000,Valid
2026-01-18 16:31:34,rec_77.wav,chitara,Contributie Proprie (Microfon + GarageBand),4.37,48000,Valid
2026-01-18 16:31:34,rec_78.wav,chitara,Contributie Proprie (Microfon + GarageBand),4.80,48000,Valid
2026-01-18 16:31:34,rec_79.wav,chitara,Contributie Proprie (Microfon + GarageBand),4.46,48000,Valid
2026-01-18 16:31:34,rec_80.wav,chitara,Contributie Proprie (Microfon + GarageBand),4.12,48000,Valid
2026-01-18 16:31:34,rec_81.wav,chitara,Contributie Proprie (Microfon + GarageBand),4.63,48000,Valid
2026-01-18 16:31:34,rec_82.wav,chitara,Contributie Proprie (Microfon + GarageBand),4.63,48000,Valid
2026-01-18 16:31:34,rec_83.wav,chitara,Contributie Proprie (Microfon + GarageBand),4.37,48000,Valid
2026-01-18 16:31:34,rec_84.wav,chitara,Contributie Proprie (Microfon + GarageBand),3.95,48000,Valid
2026-01-18 16:31:34,rec_85.wav,chitara,Contributie Proprie (Microfon + GarageBand),4.63,48000,Valid
2026-01-18 16:31:34,rec_86.wav,chitara,Contributie Proprie (Microfon + GarageBand),4.46,48000,Valid
2026-01-18 16:31:34,rec_87.wav,chitara,Contributie Proprie (Microfon + GarageBand),4.46,48000,Valid
2026-01-18 16:31:34,1.wav,pian,Contributie Proprie (Microfon + GarageBand),3.00,44100,Valid
2026-01-18 16:31:34,10.wav,pian,Contributie Proprie (Microfon + GarageBand),3.00,44100,Valid
2026-01-18 16:31:34,11.wav,pian,Contributie Proprie (Microfon + GarageBand),3.00,44100,Valid
2026-01-18 16:31:34,12.wav,pian,Contributie Proprie (Microfon + GarageBand),3.00,44100,Valid
2026-01-18 16:31:34,13.wav,pian,Contributie Proprie (Microfon + GarageBand),3.00,44100,Valid
2026-01-18 16:31:34,14.wav,pian,Contributie Proprie (Microfon + GarageBand),3.00,44100,Valid
2026-01-18 16:31:34,15.wav,pian,Contributie Proprie (Microfon + GarageBand),3.00,44100,Valid
2026-01-18 16:31:34,16.wav,pian,Contributie Proprie (Microfon + GarageBand),3.00,44100,Valid
2026-01-18 16:31:34,17.wav,pian,Contributie Proprie (Microfon + GarageBand),3.00,44100,Valid
2026-01-18 16:31:34,18.wav,pian,Contributie Proprie (Microfon + GarageBand),3.00,44100,Valid
2026-01-18 16:31:34,19.wav,pian,Contributie Proprie (Microfon + GarageBand),3.00,44100,Valid
2026-01-18 16:31:34,2.wav,pian,Contributie Proprie (Microfon + GarageBand),3.00,44100,Valid
2026-01-18 16:31:34,20.wav,pian,Contributie Proprie (Microfon + GarageBand),3.00,44100,Valid
2026-01-18 16:31:34,21.wav,pian,Contributie Proprie (Microfon + GarageBand),3.00,44100,Valid
2026-01-18 16:31:34,22.wav,pian,Contributie Proprie (Microfon + GarageBand),3.00,44100,Valid
2026-01-18 16:31:34,23.wav,pian,Contributie Proprie (Microfon + GarageBand),3.00,44100,Valid
2026-01-18 16:31:34,24.wav,pian,Contributie Proprie (Microfon + GarageBand),3.00,44100,Valid
2026-01-18 16:31:34,25.wav,pian,Contributie Proprie (Microfon + GarageBand),3.00,44100,Valid
2026-01-18 16:31:34,26.wav,pian,Contributie Proprie (Microfon + GarageBand),3.00,44100,Valid
2026-01-18 16:31:34,27.wav,pian,Contributie Proprie (Microfon + GarageBand),3.00,44100,Valid
2026-01-18 16:31:34,28.wav,pian,Contributie Proprie (Microfon + GarageBand),3.00,44100,Valid
2026-01-18 16:31:34,29.wav,pian,Contributie Proprie (Microfon + GarageBand),3.00,44100,Valid
2026-01-18 16:31:34,3.wav,pian,Contributie Proprie (Microfon + GarageBand),3.00,44100,Valid
2026-01-18 16:31:34,30.wav,pian,Contributie Proprie (Microfon + GarageBand),3.00,44100,Valid
2026-01-18 16:31:34,31.wav,pian,Contributie Proprie (Microfon + GarageBand),3.00,44100,Valid
2026-01-18 16:31:34,32.wav,pian,Contributie Proprie (Microfon + GarageBand),3.00,44100,Valid
2026-01-18 16:31:34,33.wav,pian,Contributie Proprie (Microfon + GarageBand),3.00,44100,Valid
2026-01-18 16:31:34,34.wav,pian,Contributie Proprie (Microfon + GarageBand),3.00,44100,Valid
2026-01-18 16:31:34,35.wav,pian,Contributie Proprie (Microfon + GarageBand),3.00,44100,Valid
2026-01-18 16:31:34,36.wav,pian,Contributie Proprie (Microfon + GarageBand),3.00,44100,Valid
2026-01-18 16:31:34,37.wav,pian,Contributie Proprie (Microfon + GarageBand),3.00,44100,Valid
2026-01-18 16:31:34,38.wav,pian,Contributie Proprie (Microfon + GarageBand),3.00,44100,Valid
2026-01-18 16:31:34,39.wav,pian,Contributie Proprie (Microfon + GarageBand),3.00,44100,Valid
2026-01-18 16:31:34,4.wav,pian,Contributie Proprie (Microfon + GarageBand),3.00,44100,Valid
2026-01-18 16:31:34,40.wav,pian,Contributie Proprie (Microfon + GarageBand),3.00,44100,Valid
2026-01-18 16:31:34,5.wav,pian,Contributie Proprie (Microfon + GarageBand),3.00,44100,Valid
2026-01-18 16:31:34,6.wav,pian,Contributie Proprie (Microfon + GarageBand),3.00,44100,Valid
2026-01-18 16:31:34,7.wav,pian,Contributie Proprie (Microfon + GarageBand),3.00,44100,Valid
2026-01-18 16:31:34,8.wav,pian,Contributie Proprie (Microfon + GarageBand),3.00,44100,Valid
2026-01-18 16:31:34,9.wav,pian,Contributie Proprie (Microfon + GarageBand),3.00,44100,Valid
2026-01-18 16:31:34,rec_1.wav,pian,Contributie Proprie (Microfon + GarageBand),5.14,48000,Valid
2026-01-18 16:31:34,rec_10.wav,pian,Contributie Proprie (Microfon + GarageBand),4.88,48000,Valid
2026-01-18 16:31:34,rec_11.wav,pian,Contributie Proprie (Microfon + GarageBand),4.71,48000,Valid
2026-01-18 16:31:34,rec_12.wav,pian,Contributie Proprie (Microfon + GarageBand),4.88,48000,Valid
2026-01-18 16:31:34,rec_13.wav,pian,Contributie Proprie (Microfon + GarageBand),4.46,48000,Valid
2026-01-18 16:31:34,rec_14.wav,pian,Contributie Proprie (Microfon + GarageBand),4.80,48000,Valid
2026-01-18 16:31:34,rec_15.wav,pian,Contributie Proprie (Microfon + GarageBand),4.63,48000,Valid
2026-01-18 16:31:34,rec_16.wav,pian,Contributie Proprie (Microfon + GarageBand),4.88,48000,Valid
2026-01-18 16:31:34,rec_17.wav,pian,Contributie Proprie (Microfon + GarageBand),4.71,48000,Valid
2026-01-18 16:31:34,rec_18.wav,pian,Contributie Proprie (Microfon + GarageBand),4.80,48000,Valid
2026-01-18 16:31:34,rec_19.wav,pian,Contributie Proprie (Microfon + GarageBand),4.88,48000,Valid
2026-01-18 16:31:34,rec_2.wav,pian,Contributie Proprie (Microfon + GarageBand),4.97,48000,Valid
2026-01-18 16:31:34,rec_20.wav,pian,Contributie Proprie (Microfon + GarageBand),4.88,48000,Valid
2026-01-18 16:31:34,rec_21.wav,pian,Contributie Proprie (Microfon + GarageBand),4.88,48000,Valid
2026-01-18 16:31:34,rec_22.wav,pian,Contributie Proprie (Microfon + GarageBand),4.97,48000,Valid
2026-01-18 16:31:34,rec_23.wav,pian,Contributie Proprie (Microfon + GarageBand),3.95,48000,Valid
2026-01-18 16:31:34,rec_24.wav,pian,Contributie Proprie (Microfon + GarageBand),4.80,48000,Valid
2026-01-18 16:31:34,rec_25.wav,pian,Contributie Proprie (Microfon + GarageBand),5.48,48000,Valid
2026-01-18 16:31:34,rec_26.wav,pian,Contributie Proprie (Microfon + GarageBand),5.14,48000,Valid
2026-01-18 16:31:34,rec_27.wav,pian,Contributie Proprie (Microfon + GarageBand),4.80,48000,Valid
2026-01-18 16:31:34,rec_28.wav,pian,Contributie Proprie (Microfon + GarageBand),4.54,48000,Valid
2026-01-18 16:31:34,rec_29.wav,pian,Contributie Proprie (Microfon + GarageBand),4.12,48000,Valid
2026-01-18 16:31:34,rec_3.wav,pian,Contributie Proprie (Microfon + GarageBand),4.71,48000,Valid
2026-01-18 16:31:34,rec_30.wav,pian,Contributie Proprie (Microfon + GarageBand),5.14,48000,Valid
2026-01-18 16:31:34,rec_31.wav,pian,Contributie Proprie (Microfon + GarageBand),4.80,48000,Valid
2026-01-18 16:31:34,rec_32.wav,pian,Contributie Proprie (Microfon + GarageBand),6.51,48000,Valid
2026-01-18 16:31:34,rec_33.wav,pian,Contributie Proprie (Microfon + GarageBand),5.31,48000,Valid
2026-01-18 16:31:34,rec_34.wav,pian,Contributie Proprie (Microfon + GarageBand),4.80,48000,Valid
2026-01-18 16:31:34,rec_35.wav,pian,Contributie Proprie (Microfon + GarageBand),4.54,48000,Valid
2026-01-18 16:31:34,rec_36.wav,pian,Contributie Proprie (Microfon + GarageBand),4.63,48000,Valid
2026-01-18 16:31:34,rec_37.wav,pian,Contributie Proprie (Microfon + GarageBand),4.12,48000,Valid
2026-01-18 16:31:34,rec_38.wav,pian,Contributie Proprie (Microfon + GarageBand),5.40,48000,Valid
2026-01-18 16:31:34,rec_39.wav,pian,Contributie Proprie (Microfon + GarageBand),7.44,48000,Valid
2026-01-18 16:31:34,rec_4.wav,pian,Contributie Proprie (Microfon + GarageBand),5.31,48000,Valid
2026-01-18 16:31:34,rec_40.wav,pian,Contributie Proprie (Microfon + GarageBand),5.31,48000,Valid
2026-01-18 16:31:34,rec_5.wav,pian,Contributie Proprie (Microfon + GarageBand),5.31,48000,Valid
2026-01-18 16:31:34,rec_6.wav,pian,Contributie Proprie (Microfon + GarageBand),4.88,48000,Valid
2026-01-18 16:31:34,rec_7.wav,pian,Contributie Proprie (Microfon + GarageBand),4.80,48000,Valid
2026-01-18 16:31:34,rec_8.wav,pian,Contributie Proprie (Microfon + GarageBand),5.14,48000,Valid
2026-01-18 16:31:34,rec_9.wav,pian,Contributie Proprie (Microfon + GarageBand),5.05,48000,Valid
2026-01-18 16:31:34,520.wav,tobe,Sursa Externa (Kaggle/Dataset Public),3.00,22050,Valid
2026-01-18 16:31:34,521.wav,tobe,Sursa Externa (Kaggle/Dataset Public),3.00,22050,Valid
2026-01-18 16:31:34,522.wav,tobe,Sursa Externa (Kaggle/Dataset Public),3.00,22050,Valid
2026-01-18 16:31:34,523.wav,tobe,Sursa Externa (Kaggle/Dataset Public),3.00,22050,Valid
2026-01-18 16:31:34,524.wav,tobe,Sursa Externa (Kaggle/Dataset Public),3.00,22050,Valid
2026-01-18 16:31:34,525.wav,tobe,Sursa Externa (Kaggle/Dataset Public),3.00,22050,Valid
2026-01-18 16:31:34,526.wav,tobe,Sursa Externa (Kaggle/Dataset Public),3.00,22050,Valid
2026-01-18 16:31:34,527.wav,tobe,Sursa Externa (Kaggle/Dataset Public),3.00,22050,Valid
2026-01-18 16:31:34,528.wav,tobe,Sursa Externa (Kaggle/Dataset Public),3.00,22050,Valid
2026-01-18 16:31:34,529.wav,tobe,Sursa Externa (Kaggle/Dataset Public),3.00,22050,Valid
2026-01-18 16:31:34,530.wav,tobe,Sursa Externa (Kaggle/Dataset Public),3.00,22050,Valid
2026-01-18 16:31:34,531.wav,tobe,Sursa Externa (Kaggle/Dataset Public),3.00,22050,Valid
2026-01-18 16:31:34,532.wav,tobe,Sursa Externa (Kaggle/Dataset Public),3.00,22050,Valid
2026-01-18 16:31:34,533.wav,tobe,Sursa Externa (Kaggle/Dataset Public),3.00,22050,Valid
2026-01-18 16:31:34,534.wav,tobe,Sursa Externa (Kaggle/Dataset Public),3.00,22050,Valid
2026-01-18 16:31:34,535.wav,tobe,Sursa Externa (Kaggle/Dataset Public),3.00,22050,Valid
2026-01-18 16:31:34,536.wav,tobe,Sursa Externa (Kaggle/Dataset Public),3.00,22050,Valid
2026-01-18 16:31:34,537.wav,tobe,Sursa Externa (Kaggle/Dataset Public),3.00,22050,Valid
2026-01-18 16:31:34,538.wav,tobe,Sursa Externa (Kaggle/Dataset Public),3.00,22050,Valid
2026-01-18 16:31:34,539.wav,tobe,Sursa Externa (Kaggle/Dataset Public),3.00,22050,Valid
2026-01-18 16:31:34,540.wav,tobe,Sursa Externa (Kaggle/Dataset Public),3.00,22050,Valid
2026-01-18 16:31:34,541.wav,tobe,Sursa Externa (Kaggle/Dataset Public),3.00,22050,Valid
2026-01-18 16:31:34,542.wav,tobe,Sursa Externa (Kaggle/Dataset Public),3.00,22050,Valid
2026-01-18 16:31:34,543.wav,tobe,Sursa Externa (Kaggle/Dataset Public),3.00,22050,Valid
2026-01-18 16:31:34,544.wav,tobe,Sursa Externa (Kaggle/Dataset Public),3.00,22050,Valid
2026-01-18 16:31:34,545.wav,tobe,Sursa Externa (Kaggle/Dataset Public),3.00,22050,Valid
2026-01-18 16:31:34,546.wav,tobe,Sursa Externa (Kaggle/Dataset Public),3.00,22050,Valid
2026-01-18 16:31:34,547.wav,tobe,Sursa Externa (Kaggle/Dataset Public),3.00,22050,Valid
2026-01-18 16:31:34,548.wav,tobe,Sursa Externa (Kaggle/Dataset Public),3.00,22050,Valid
2026-01-18 16:31:34,549.wav,tobe,Sursa Externa (Kaggle/Dataset Public),3.00,22050,Valid
2026-01-18 16:31:34,550.wav,tobe,Sursa Externa (Kaggle/Dataset Public),3.00,22050,Valid
2026-01-18 16:31:34,551.wav,tobe,Sursa Externa (Kaggle/Dataset Public),3.00,22050,Valid
2026-01-18 16:31:34,552.wav,tobe,Sursa Externa (Kaggle/Dataset Public),3.00,22050,Valid
2026-01-18 16:31:34,553.wav,tobe,Sursa Externa (Kaggle/Dataset Public),3.00,22050,Valid
2026-01-18 16:31:34,554.wav,tobe,Sursa Externa (Kaggle/Dataset Public),3.00,22050,Valid
2026-01-18 16:31:34,555.wav,tobe,Sursa Externa (Kaggle/Dataset Public),3.00,22050,Valid
2026-01-18 16:31:34,556.wav,tobe,Sursa Externa (Kaggle/Dataset Public),3.00,22050,Valid
2026-01-18 16:31:34,557.wav,tobe,Sursa Externa (Kaggle/Dataset Public),3.00,22050,Valid
2026-01-18 16:31:34,558.wav,tobe,Sursa Externa (Kaggle/Dataset Public),3.00,22050,Valid
2026-01-18 16:31:34,559.wav,tobe,Sursa Externa (Kaggle/Dataset Public),3.00,22050,Valid
2026-01-18 16:31:34,Drumset_1.wav,tobe,Sursa Externa (Kaggle/Dataset Public),3.00,22050,Valid
2026-01-18 16:31:34,Drumset_10.wav,tobe,Sursa Externa (Kaggle/Dataset Public),3.00,22050,Valid
2026-01-18 16:31:34,Drumset_11.wav,tobe,Sursa Externa (Kaggle/Dataset Public),3.00,22050,Valid
2026-01-18 16:31:34,Drumset_12.wav,tobe,Sursa Externa (Kaggle/Dataset Public),3.00,22050,Valid
2026-01-18 16:31:34,Drumset_13.wav,tobe,Sursa Externa (Kaggle/Dataset Public),3.00,22050,Valid
2026-01-18 16:31:34,Drumset_14.wav,tobe,Sursa Externa (Kaggle/Dataset Public),3.00,22050,Valid
2026-01-18 16:31:34,Drumset_15.wav,tobe,Sursa Externa (Kaggle/Dataset Public),3.00,22050,Valid
2026-01-18 16:31:34,Drumset_16.wav,tobe,Sursa Externa (Kaggle/Dataset Public),3.00,22050,Valid
2026-01-18 16:31:34,Drumset_17.wav,tobe,Sursa Externa (Kaggle/Dataset Public),3.00,22050,Valid
2026-01-18 16:31:34,Drumset_18.wav,tobe,Sursa Externa (Kaggle/Dataset Public),3.00,22050,Valid
2026-01-18 16:31:34,Drumset_19.wav,tobe,Sursa Externa (Kaggle/Dataset Public),3.00,22050,Valid
2026-01-18 16:31:34,Drumset_2.wav,tobe,Sursa Externa (Kaggle/Dataset Public),3.00,22050,Valid
2026-01-18 16:31:34,Drumset_20.wav,tobe,Sursa Externa (Kaggle/Dataset Public),3.00,22050,Valid
2026-01-18 16:31:34,Drumset_3.wav,tobe,Sursa Externa (Kaggle/Dataset Public),3.00,22050,Valid
2026-01-18 16:31:34,Drumset_4.wav,tobe,Sursa Externa (Kaggle/Dataset Public),3.00,22050,Valid
2026-01-18 16:31:34,Drumset_5.wav,tobe,Sursa Externa (Kaggle/Dataset Public),3.00,22050,Valid
2026-01-18 16:31:34,Drumset_6.wav,tobe,Sursa Externa (Kaggle/Dataset Public),3.00,22050,Valid
2026-01-18 16:31:34,Drumset_7.wav,tobe,Sursa Externa (Kaggle/Dataset Public),3.00,22050,Valid
2026-01-18 16:31:34,Drumset_8.wav,tobe,Sursa Externa (Kaggle/Dataset Public),3.00,22050,Valid
2026-01-18 16:31:34,Drumset_9.wav,tobe,Sursa Externa (Kaggle/Dataset Public),3.00,22050,Valid
2026-01-18 16:31:34,WaveDrum02_39KD (16).wav,tobe,Sursa Externa (Kaggle/Dataset Public),16.36,44100,Valid
2026-01-18 16:31:34,WaveDrum02_39KD (19).wav,tobe,Sursa Externa (Kaggle/Dataset Public),15.62,44100,Valid
2026-01-18 16:31:34,WaveDrum02_39KD (22).wav,tobe,Sursa Externa (Kaggle/Dataset Public),15.60,44100,Valid
2026-01-18 16:31:35,WaveDrum02_39KD (25).wav,tobe,Sursa Externa (Kaggle/Dataset Public),5.65,44100,Valid
2026-01-18 16:31:35,WaveDrum02_39KD (28).wav,tobe,Sursa Externa (Kaggle/Dataset Public),12.00,44100,Valid
2026-01-18 16:31:35,WaveDrum02_39KD (31).wav,tobe,Sursa Externa (Kaggle/Dataset Public),4.57,44100,Valid
2026-01-18 16:31:35,WaveDrum02_39KD (32).wav,tobe,Sursa Externa (Kaggle/Dataset Public),13.39,44100,Valid
2026-01-18 16:31:35,WaveDrum02_39KD (4).wav,tobe,Sursa Externa (Kaggle/Dataset Public),13.65,44100,Valid
2026-01-18 16:31:35,WaveDrum02_39KD (60).wav,tobe,Sursa Externa (Kaggle/Dataset Public),14.87,44100,Valid
2026-01-18 16:31:35,WaveDrum02_39KD (68).wav,tobe,Sursa Externa (Kaggle/Dataset Public),20.08,44100,Valid
2026-01-18 16:31:35,WaveDrum02_39KD (80).wav,tobe,Sursa Externa (Kaggle/Dataset Public),12.92,44100,Valid
2026-01-18 16:31:35,WaveDrum02_39KD (83).wav,tobe,Sursa Externa (Kaggle/Dataset Public),14.87,44100,Valid
2026-01-18 16:31:35,WaveDrum02_39KD (84).wav,tobe,Sursa Externa (Kaggle/Dataset Public),16.36,44100,Valid
2026-01-18 16:31:35,WaveDrum02_39KD (86).wav,tobe,Sursa Externa (Kaggle/Dataset Public),12.92,44100,Valid
2026-01-18 16:31:35,WaveDrum02_39KD (88).wav,tobe,Sursa Externa (Kaggle/Dataset Public),18.83,44100,Valid
2026-01-18 16:31:35,WaveDrum02_43HH (106).wav,tobe,Sursa Externa (Kaggle/Dataset Public),16.35,44100,Valid
2026-01-18 16:31:35,WaveDrum02_43HH (115).wav,tobe,Sursa Externa (Kaggle/Dataset Public),17.09,44100,Valid
2026-01-18 16:31:35,WaveDrum02_43HH (12).wav,tobe,Sursa Externa (Kaggle/Dataset Public),15.36,44100,Valid
2026-01-18 16:31:35,WaveDrum02_43HH (123).wav,tobe,Sursa Externa (Kaggle/Dataset Public),5.05,44100,Valid
2026-01-18 16:31:35,WaveDrum02_43HH (127).wav,tobe,Sursa Externa (Kaggle/Dataset Public),8.00,44100,Valid
2026-01-18 16:31:35,18.wav,vioara,Sursa Externa (Kaggle/Dataset Public),3.00,22050,Valid
2026-01-18 16:31:35,19.wav,vioara,Sursa Externa (Kaggle/Dataset Public),3.00,22050,Valid
2026-01-18 16:31:35,2.wav,vioara,Sursa Externa (Kaggle/Dataset Public),3.00,22050,Valid
2026-01-18 16:31:35,20.wav,vioara,Sursa Externa (Kaggle/Dataset Public),3.00,22050,Valid
2026-01-18 16:31:35,364.wav,vioara,Sursa Externa (Kaggle/Dataset Public),3.00,22050,Valid
2026-01-18 16:31:35,365.wav,vioara,Sursa Externa (Kaggle/Dataset Public),3.00,22050,Valid
2026-01-18 16:31:35,366.wav,vioara,Sursa Externa (Kaggle/Dataset Public),3.00,22050,Valid
2026-01-18 16:31:35,367.wav,vioara,Sursa Externa (Kaggle/Dataset Public),3.00,22050,Valid
2026-01-18 16:31:35,370.wav,vioara,Sursa Externa (Kaggle/Dataset Public),3.00,22050,Valid
2026-01-18 16:31:35,371.wav,vioara,Sursa Externa (Kaggle/Dataset Public),3.00,22050,Valid
2026-01-18 16:31:35,372.wav,vioara,Sursa Externa (Kaggle/Dataset Public),3.00,22050,Valid
2026-01-18 16:31:35,373.wav,vioara,Sursa Externa (Kaggle/Dataset Public),3.00,22050,Valid
2026-01-18 16:31:35,374.wav,vioara,Sursa Externa (Kaggle/Dataset Public),3.00,22050,Valid
2026-01-18 16:31:35,375.wav,vioara,Sursa Externa (Kaggle/Dataset Public),3.00,22050,Valid
2026-01-18 16:31:35,376.wav,vioara,Sursa Externa (Kaggle/Dataset Public),3.00,22050,Valid
2026-01-18 16:31:35,377.wav,vioara,Sursa Externa (Kaggle/Dataset Public),3.00,22050,Valid
2026-01-18 16:31:35,378.wav,vioara,Sursa Externa (Kaggle/Dataset Public),3.00,22050,Valid
2026-01-18 16:31:35,379.wav,vioara,Sursa Externa (Kaggle/Dataset Public),3.00,22050,Valid
2026-01-18 16:31:35,380.wav,vioara,Sursa Externa (Kaggle/Dataset Public),3.00,22050,Valid
2026-01-18 16:31:35,381.wav,vioara,Sursa Externa (Kaggle/Dataset Public),3.00,22050,Valid
2026-01-18 16:31:35,382.wav,vioara,Sursa Externa (Kaggle/Dataset Public),3.00,22050,Valid
2026-01-18 16:31:35,383.wav,vioara,Sursa Externa (Kaggle/Dataset Public),3.00,22050,Valid
2026-01-18 16:31:35,384.wav,vioara,Sursa Externa (Kaggle/Dataset Public),3.00,22050,Valid
2026-01-18 16:31:35,385.wav,vioara,Sursa Externa (Kaggle/Dataset Public),3.00,22050,Valid
2026-01-18 16:31:35,386.wav,vioara,Sursa Externa (Kaggle/Dataset Public),3.00,22050,Valid
2026-01-18 16:31:35,387.wav,vioara,Sursa Externa (Kaggle/Dataset Public),3.00,22050,Valid
2026-01-18 16:31:35,388.wav,vioara,Sursa Externa (Kaggle/Dataset Public),3.00,22050,Valid
2026-01-18 16:31:35,389.wav,vioara,Sursa Externa (Kaggle/Dataset Public),3.00,22050,Valid
2026-01-18 16:31:35,390.wav,vioara,Sursa Externa (Kaggle/Dataset Public),3.00,22050,Valid
2026-01-18 16:31:35,391.wav,vioara,Sursa Externa (Kaggle/Dataset Public),3.00,22050,Valid
2026-01-18 16:31:35,392.wav,vioara,Sursa Externa (Kaggle/Dataset Public),3.00,22050,Valid
2026-01-18 16:31:35,393.wav,vioara,Sursa Externa (Kaggle/Dataset Public),3.00,22050,Valid
2026-01-18 16:31:35,394.wav,vioara,Sursa Externa (Kaggle/Dataset Public),3.00,22050,Valid
2026-01-18 16:31:35,395.wav,vioara,Sursa Externa (Kaggle/Dataset Public),3.00,22050,Valid
2026-01-18 16:31:35,396.wav,vioara,Sursa Externa (Kaggle/Dataset Public),3.00,22050,Valid
2026-01-18 16:31:35,397.wav,vioara,Sursa Externa (Kaggle/Dataset Public),3.00,22050,Valid
2026-01-18 16:31:35,398.wav,vioara,Sursa Externa (Kaggle/Dataset Public),3.00,22050,Valid
2026-01-18 16:31:35,399.wav,vioara,Sursa Externa (Kaggle/Dataset Public),3.00,22050,Valid
2026-01-18 16:31:35,400.wav,vioara,Sursa Externa (Kaggle/Dataset Public),3.00,22050,Valid
2026-01-18 16:31:35,401.wav,vioara,Sursa Externa (Kaggle/Dataset Public),3.00,22050,Valid
2026-01-18 16:31:35,sound_violin.wav,vioara,Sursa Externa (Kaggle/Dataset Public),3.00,22050,Valid
2026-01-18 16:31:35,sound_violin2.wav,vioara,Sursa Externa (Kaggle/Dataset Public),3.00,22050,Valid
2026-01-18 16:31:35,violin(1).wav,vioara,Sursa Externa (Kaggle/Dataset Public),3.00,22050,Valid
2026-01-18 16:31:35,violin(10).wav,vioara,Sursa Externa (Kaggle/Dataset Public),3.00,22050,Valid
2026-01-18 16:31:35,violin(11).wav,vioara,Sursa Externa (Kaggle/Dataset Public),3.00,22050,Valid
2026-01-18 16:31:35,violin(12).wav,vioara,Sursa Externa (Kaggle/Dataset Public),3.00,22050,Valid
2026-01-18 16:31:35,violin(13).wav,vioara,Sursa Externa (Kaggle/Dataset Public),3.00,22050,Valid
2026-01-18 16:31:35,violin(14).wav,vioara,Sursa Externa (Kaggle/Dataset Public),3.00,22050,Valid
2026-01-18 16:31:35,violin(15).wav,vioara,Sursa Externa (Kaggle/Dataset Public),3.00,22050,Valid
2026-01-18 16:31:35,violin(16).wav,vioara,Sursa Externa (Kaggle/Dataset Public),3.00,22050,Valid
2026-01-18 16:31:35,violin(17).wav,vioara,Sursa Externa (Kaggle/Dataset Public),3.00,22050,Valid
2026-01-18 16:31:35,violin(2).wav,vioara,Sursa Externa (Kaggle/Dataset Public),3.00,22050,Valid
2026-01-18 16:31:35,violin(3).wav,vioara,Sursa Externa (Kaggle/Dataset Public),3.00,22050,Valid
2026-01-18 16:31:35,violin(4).wav,vioara,Sursa Externa (Kaggle/Dataset Public),3.00,22050,Valid
2026-01-18 16:31:35,violin(5).wav,vioara,Sursa Externa (Kaggle/Dataset Public),3.00,22050,Valid
2026-01-18 16:31:35,violin(6).wav,vioara,Sursa Externa (Kaggle/Dataset Public),3.00,22050,Valid
2026-01-18 16:31:35,violin(7).wav,vioara,Sursa Externa (Kaggle/Dataset Public),3.00,22050,Valid
2026-01-18 16:31:35,violin(8).wav,vioara,Sursa Externa (Kaggle/Dataset Public),3.00,22050,Valid
2026-01-18 16:31:35,violin(9).wav,vioara,Sursa Externa (Kaggle/Dataset Public),3.00,22050,Valid
2026-01-18 16:31:35,violin_song.wav,vioara,Sursa Externa (Kaggle/Dataset Public),3.00,22050,Valid
2026-01-18 16:31:35,violin_sound (150).wav,vioara,Sursa Externa (Kaggle/Dataset Public),7.65,44100,Valid
2026-01-18 16:31:35,violin_sound (155).wav,vioara,Sursa Externa (Kaggle/Dataset Public),7.54,44100,Valid
2026-01-18 16:31:35,violin_sound (169).wav,vioara,Sursa Externa (Kaggle/Dataset Public),7.13,44100,Valid
2026-01-18 16:31:35,VIOLIN_SOUND (17).wav,vioara,Sursa Externa (Kaggle/Dataset Public),7.95,44100,Valid
2026-01-18 16:31:35,violin_sound (174).wav,vioara,Sursa Externa (Kaggle/Dataset Public),8.05,44100,Valid
2026-01-18 16:31:35,violin_sound (179).wav,vioara,Sursa Externa (Kaggle/Dataset Public),8.16,44100,Valid
2026-01-18 16:31:35,violin_sound (195).wav,vioara,Sursa Externa (Kaggle/Dataset Public),8.32,44100,Valid
2026-01-18 16:31:35,violin_sound (205).wav,vioara,Sursa Externa (Kaggle/Dataset Public),8.03,44100,Valid
2026-01-18 16:31:35,violin_sound (206).wav,vioara,Sursa Externa (Kaggle/Dataset Public),8.32,44100,Valid
2026-01-18 16:31:35,violin_sound (210).wav,vioara,Sursa Externa (Kaggle/Dataset Public),8.39,44100,Valid
2026-01-18 16:31:35,violin_sound (242).wav,vioara,Sursa Externa (Kaggle/Dataset Public),7.23,44100,Valid
2026-01-18 16:31:35,violin_sound (246).wav,vioara,Sursa Externa (Kaggle/Dataset Public),7.62,44100,Valid
2026-01-18 16:31:35,Violin_Sound (280).wav,vioara,Sursa Externa (Kaggle/Dataset Public),7.17,44100,Valid
2026-01-18 16:31:35,Violin_Sound (284).wav,vioara,Sursa Externa (Kaggle/Dataset Public),8.08,44100,Valid
2026-01-18 16:31:35,Violin_Sound (286).wav,vioara,Sursa Externa (Kaggle/Dataset Public),7.45,44100,Valid
2026-01-18 16:31:35,Violin_Sound (292).wav,vioara,Sursa Externa (Kaggle/Dataset Public),8.51,44100,Valid
2026-01-18 16:31:35,VIOLIN_sound (313).wav,vioara,Sursa Externa (Kaggle/Dataset Public),8.11,44100,Valid
2026-01-18 16:31:35,Violin_Sound (55).wav,vioara,Sursa Externa (Kaggle/Dataset Public),7.28,44100,Valid
2026-01-18 16:31:35,Violin_Sound (60).wav,vioara,Sursa Externa (Kaggle/Dataset Public),7.19,44100,Valid
2026-01-18 16:31:35,violin_sounds (2).wav,vioara,Sursa Externa (Kaggle/Dataset Public),7.14,44100,Valid
